celebrity,ballroom_partner,celebrity_industry,celebrity_homestate,celebrity_homecountry/region,celebrity_age_during_season,season,placement,week_1_judge_percentages,week_1_judge_rank,week_2_judge_percentages,week_2_judge_rank,week_3_judge_percentages,week_3_judge_rank,week_4_judge_percentages,week_4_judge_rank,week_5_judge_percentages,week_5_judge_rank,week_6_judge_percentages,week_6_judge_rank,week_7_judge_percentages,week_7_judge_rank,week_8_judge_percentages,week_8_judge_rank,week_9_judge_percentages,week_9_judge_rank,week_10_judge_percentages,week_10_judge_rank,week_11_judge_percentages,week_11_judge_rank
Harry Hamlin,Ashly DelGrosso,Actor/Actress,California,United States,54,3,9,0.08018867924528301,8.0,0.09130434782608696,7.0,0.10628019323671498,4.0,,,,,,,,,,,,,,,,
Vivica A. Fox,Nick Kosovich,Actor/Actress,Indiana,United States,42,3,8,0.10377358490566038,3.0,0.10434782608695652,3.0,0.13043478260869565,1.0,0.12121212121212122,4.0,,,,,,,,,,,,,,
Monique Coleman,Louis van Amstel,Actor/Actress,South Carolina,United States,25,3,4,0.08962264150943396,6.0,0.11304347826086956,2.0,0.13043478260869565,1.0,0.12121212121212122,4.0,0.14917127071823205,1.0,0.19491525423728814,4.0,0.2,4.0,0.24311926605504589,4.0,,,,,,
Joey Lawrence,Edyta Sliwinska,Actor/Actress,Pennsylvania,United States,30,3,3,0.09905660377358491,5.0,0.12608695652173912,1.0,0.10628019323671498,4.0,0.13636363636363635,3.0,0.13812154696132597,5.0,0.2033898305084746,3.0,0.2111111111111111,1.0,0.24770642201834864,2.0,0.3333333333333333,1.0,,,,
Mario Lopez,Karina Smirnoff,Actor/Actress,California,United States,32,3,2,0.12264150943396226,1.0,0.09130434782608696,7.0,0.10628019323671498,4.0,0.14646464646464646,1.0,0.14917127071823205,1.0,0.23728813559322035,1.0,0.2074074074074074,3.0,0.26146788990825687,1.0,0.3333333333333333,1.0,0.5,1.0,,
Emmitt Smith,Cheryl Burke,Athlete,Florida,United States,37,3,1,0.11320754716981132,2.0,0.10434782608695652,3.0,0.09178743961352658,9.0,0.12121212121212122,4.0,0.14917127071823205,1.0,0.211864406779661,2.0,0.2111111111111111,1.0,0.24770642201834864,2.0,0.3333333333333333,1.0,0.5,1.0,,
Shanna Moakler,Jesse DeSoto,Model,Rhode Island,United States,31,3,10,0.08490566037735849,7.0,0.09565217391304348,6.0,,,,,,,,,,,,,,,,,,
Willa Ford,Maksim Chmerkoskiy,Singer/Rapper,Florida,United States,25,3,7,0.10377358490566038,3.0,0.1,5.0,0.10628019323671498,4.0,0.1414141414141414,2.0,0.14917127071823205,1.0,,,,,,,,,,,,
Sara Evans,Tony Dovolani,Singer/Rapper,Missouri,United States,35,3,6,0.07075471698113207,10.0,0.09130434782608696,7.0,0.12077294685990338,3.0,0.10101010101010101,8.0,0.13259668508287292,6.0,,,,,,,,,,,,
Jerry Springer,Kym Johnson,TV Personality,,England,62,3,5,0.07547169811320754,9.0,0.08260869565217391,10.0,0.10144927536231885,8.0,0.1111111111111111,7.0,0.13259668508287292,6.0,0.15254237288135594,5.0,0.17037037037037037,5.0,,,,,,,,
Tucker Carlson,Elena Grinenko,TV Personality,California,United States,37,3,11,0.05660377358490566,11.0,,,,,,,,,,,,,,,,,,,,
John Ratzenberger,Edyta Sliwinska,Actor/Actress,Connecticut,United States,59,4,6,0.0825242718446602,8.0,0.08571428571428572,6.0,0.09174311926605505,9.0,0.08421052631578947,7.0,0.10227272727272728,6.0,0.11176470588235295,7.0,0.14563106796116504,5.0,,,,,,,,
Ian Ziering,Cheryl Burke,Actor/Actress,New Jersey,United States,42,4,4,0.10194174757281553,3.0,0.08979591836734693,5.0,0.11009174311926606,1.0,0.12631578947368421,3.0,0.13636363636363635,4.0,0.1411764705882353,4.0,0.17475728155339806,3.0,0.18725099601593626,4.0,0.24472573839662448,4.0,,,,
Clyde Drexler,Elena Grinenko,Athlete,Louisiana,United States,44,4,8,0.07766990291262135,9.0,0.07346938775510205,11.0,0.07339449541284404,10.0,0.07894736842105263,9.0,0.07386363636363637,8.0,,,,,,,,,,,,
Laila Ali,Maksim Chmerkoskiy,Athlete,Florida,United States,29,4,3,0.11165048543689321,2.0,0.11020408163265306,1.0,0.0963302752293578,6.0,0.11052631578947368,5.0,0.1590909090909091,2.0,0.16470588235294117,1.0,0.19093851132686085,1.0,0.21115537848605578,3.0,0.25316455696202533,1.0,0.3281854310465651,3.0,,
Apolo Anton Ohno,Julianne Hough,Athlete,Washington,United States,24,4,1,0.10194174757281553,3.0,0.10612244897959183,2.0,0.10550458715596331,5.0,0.1368421052631579,2.0,0.17045454545454544,1.0,0.16470588235294117,1.0,0.17475728155339806,3.0,0.23107569721115537,1.0,0.2489451476793249,3.0,0.33976850076853665,1.0,,
Shandi Finnessey,Brian Fortuna,Beauty Pagent,Missouri,United States,28,4,10,0.09223300970873786,5.0,0.08163265306122448,10.0,0.0963302752293578,6.0,,,,,,,,,,,,,,,,
Paulina Porizkova,Alec Mazo,Model,,Czechoslovakia,41,4,11,0.09223300970873786,5.0,0.08571428571428572,6.0,,,,,,,,,,,,,,,,,,
Heather Mills,Jonathan Roberts,Model,,England,39,4,7,0.08737864077669903,7.0,0.09795918367346938,3.0,0.11009174311926606,1.0,0.12105263157894737,4.0,0.11931818181818182,5.0,0.13529411764705881,5.0,,,,,,,,,,
Billy Ray Cyrus,Karina Smirnoff,Singer/Rapper,Kentucky,United States,45,4,5,0.06310679611650485,11.0,0.08571428571428572,6.0,0.0963302752293578,6.0,0.11052631578947368,5.0,0.09659090909090909,7.0,0.12352941176470589,6.0,0.12297734627831715,6.0,0.15139442231075698,5.0,,,,,,
Joey Fatone,Kym Johnson,Singer/Rapper,New York,United States,30,4,2,0.11650485436893204,1.0,0.09795918367346938,3.0,0.11009174311926606,1.0,0.14736842105263157,1.0,0.14204545454545456,3.0,0.1588235294117647,3.0,0.19093851132686085,1.0,0.21912350597609562,2.0,0.25316455696202533,1.0,0.3320460681848982,2.0,,
Leeza Gibbons,Tony Dovolani,TV Personality,South Carolina,United States,50,4,9,0.07281553398058252,10.0,0.08571428571428572,6.0,0.11009174311926606,1.0,0.08421052631578947,7.0,,,,,,,,,,,,,,
Cameron Mathison,Edyta Sliwinska,Actor/Actress,,Canada,38,5,5,0.08171206225680934,5.0,0.08823529411764706,5.0,0.09623430962343096,7.0,0.11538461538461539,2.0,0.1306532663316583,3.0,0.1388888888888889,4.0,0.16346153846153846,5.0,0.19391634980988592,3.0,,,,,,
Jane Seymour,Tony Dovolani,Actor/Actress,,England,56,5,6,0.0933852140077821,3.0,0.08823529411764706,5.0,0.11297071129707113,1.0,0.1111111111111111,5.0,0.1306532663316583,3.0,0.12222222222222222,7.0,0.16025641025641027,6.0,,,,,,,,
Sabrina Bryan,Mark Ballas,Actor/Actress,California,United States,23,5,7,0.10116731517509728,1.0,0.1092436974789916,2.0,0.11297071129707113,1.0,0.1282051282051282,1.0,0.1407035175879397,2.0,0.1388888888888889,4.0,,,,,,,,,,
Jennie Garth,Derek Hough,Actor/Actress,Illinois,United States,35,5,4,0.08171206225680934,5.0,0.08823529411764706,5.0,0.1087866108786611,4.0,0.11538461538461539,2.0,0.12562814070351758,5.0,0.15,3.0,0.16987179487179488,2.0,0.19011406844106463,4.0,0.24786324786324787,3.0,,,,
Floyd Mayweather Jr. ,Karina Smirnoff,Athlete,Michigan,United States,30,5,9,0.07003891050583658,11.0,0.08823529411764706,5.0,0.08786610878661087,8.0,0.09829059829059829,8.0,,,,,,,,,,,,,,
Josie Maran,Alec Mazo,Model,California,United States,29,5,12,0.0622568093385214,12.0,,,,,,,,,,,,,,,,,,,,
Albert Reed,Anna Trebunskaya,Model,Florida,United States,22,5,11,0.08171206225680934,5.0,0.08823529411764706,5.0,,,,,,,,,,,,,,,,,,
Helio Castroneves,Julianne Hough,Racing Driver,,Brazil,32,5,1,0.09727626459143969,2.0,0.1134453781512605,1.0,0.100418410041841,6.0,0.11538461538461539,2.0,0.11557788944723618,6.0,0.15555555555555556,2.0,0.16666666666666666,3.0,0.21673003802281368,1.0,0.2564102564102564,1.0,0.35294095402801606,2.0,,
Mel B,Maksim Chmerkoskiy,Singer/Rapper,,England,32,5,2,0.0933852140077821,3.0,0.09663865546218488,4.0,0.11297071129707113,1.0,0.1111111111111111,5.0,0.1457286432160804,1.0,0.16666666666666666,1.0,0.17307692307692307,1.0,0.21292775665399238,2.0,0.2564102564102564,1.0,0.35714222688890257,1.0,,
Wayne Newton,Cheryl Burke,Singer/Rapper,Virginia,United States,65,5,10,0.07392996108949416,10.0,0.06302521008403361,11.0,0.07531380753138076,10.0,,,,,,,,,,,,,,,,
Marie Osmond,Jonathan Roberts,Singer/Rapper,Utah,United States,47,5,3,0.08171206225680934,5.0,0.10084033613445378,3.0,0.1087866108786611,4.0,0.1111111111111111,5.0,0.10552763819095477,7.0,0.12777777777777777,6.0,0.16666666666666666,3.0,0.18631178707224336,5.0,0.23931623931623933,4.0,0.2899168190830813,3.0,,
Mark Cuban,Kym Johnson,TV Personality,Pennsylvania,United States,49,5,8,0.08171206225680934,5.0,0.07563025210084033,10.0,0.08368200836820083,9.0,0.09401709401709402,9.0,0.10552763819095477,7.0,,,,,,,,,,,,
Cristian de la Fuente,Cheryl Burke,Actor/Actress,,Chile,34,6,3,0.08641975308641975,6.0,0.07782101167315175,8.0,0.10964912280701754,3.0,0.11555555555555555,4.0,0.11734693877551021,5.0,0.15,3.0,0.1488673139158576,6.0,0.21348314606741572,1.0,0.2545454545454545,2.0,0.3076923076923077,3.0,,
Steve Guttenberg,Anna Trebunskaya,Actor/Actress,New York,United States,49,6,10,0.07407407407407407,8.0,0.0622568093385214,11.0,0.09210526315789473,6.0,,,,,,,,,,,,,,,,
Priscilla Presley,Louis van Amstel,Actor/Actress,New York,United States,62,6,8,0.09876543209876543,2.0,0.08171206225680934,6.0,0.11403508771929824,2.0,0.09777777777777778,8.0,0.10714285714285714,8.0,,,,,,,,,,,,
Marlee Matlin,Fabian Sanchez,Actor/Actress,Illinois,United States,42,6,7,0.09053497942386832,4.0,0.0933852140077821,4.0,0.09210526315789473,6.0,0.10666666666666667,5.0,0.11224489795918367,7.0,0.11666666666666667,7.0,,,,,,,,,,
Shannon Elizabeth,Derek Hough,Actor/Actress,Texas,United States,34,6,6,0.08641975308641975,6.0,0.0933852140077821,4.0,0.10526315789473684,4.0,0.12444444444444444,3.0,0.11734693877551021,5.0,0.13333333333333333,5.0,0.1650485436893204,4.0,,,,,,,,
Marissa Jaret Winokur,Tony Dovolani,Actor/Actress,New York,United States,35,6,4,0.07407407407407407,8.0,0.08171206225680934,6.0,0.08333333333333333,10.0,0.10666666666666667,5.0,0.12244897959183673,4.0,0.14444444444444443,4.0,0.16828478964401294,3.0,0.18726591760299627,5.0,0.23636363636363636,4.0,,,,
Jason Taylor,Edyta Sliwinska,Athlete,Pennsylvania,United States,33,6,2,0.09053497942386832,4.0,0.10505836575875487,1.0,0.10087719298245613,5.0,0.1288888888888889,1.0,0.1377551020408163,2.0,0.13333333333333333,5.0,0.1779935275080906,1.0,0.1947565543071161,4.0,0.25,3.0,0.33727810650887574,2.0,,
Kristi Yamaguchi,Mark Ballas,Athlete,California,United States,36,6,1,0.1111111111111111,1.0,0.10505836575875487,1.0,0.11842105263157894,1.0,0.1288888888888889,1.0,0.14795918367346939,1.0,0.16666666666666666,1.0,0.17475728155339806,2.0,0.20599250936329588,2.0,0.2590909090909091,1.0,0.35502958579881655,1.0,,
Monica Seles,Jonathan Roberts,Athlete,,Yugoslavia,34,6,11,0.06172839506172839,11.0,0.058365758754863814,12.0,,,,,,,,,,,,,,,,,,
Penn Jillette,Kym Johnson,Magician,Massachusetts,United States,53,6,12,0.06584362139917696,10.0,0.06614785992217899,10.0,,,,,,,,,,,,,,,,,,
Adam Carolla,Julianne Hough,Radio Personality,California,United States,43,6,9,0.06172839506172839,11.0,0.07392996108949416,9.0,0.09210526315789473,6.0,0.08444444444444445,9.0,,,,,,,,,,,,,,
Mario,Karina Smirnoff,Singer/Rapper,Maryland,United States,21,6,5,0.09876543209876543,2.0,0.10116731517509728,3.0,0.09210526315789473,6.0,0.10666666666666667,5.0,0.1377551020408163,2.0,0.15555555555555556,2.0,0.1650485436893204,4.0,0.19850187265917604,3.0,,,,,,
Ted McGinley,Inna Brayer,Actor/Actress,California,United States,50,7,12,0.07341269841269842,8.0,,,,,,,,,,,,,,,,,,,,
Cloris Leachman,Corky Ballas,Actor/Actress,Iowa,United States,82,7,7,0.06349206349206349,12.0,0.06787330316742081,11.0,0.08040201005025126,9.0,0.10837438423645321,5.0,0.1076923076923077,7.0,0.09375,7.0,,,,,,,,,,
Susan Lucci,Tony Dovolani,Actor/Actress,New York,United States,61,7,6,0.07341269841269842,8.0,0.09502262443438914,4.0,0.10552763819095477,6.0,0.11822660098522167,3.0,0.11282051282051282,5.0,0.14375,4.0,0.16326530612244897,4.0,,,,,,,,
Cody Linley,Julianne Hough,Actor/Actress,Texas,United States,18,7,4,0.08134920634920635,6.0,0.09502262443438914,4.0,0.10552763819095477,6.0,0.11330049261083744,4.0,0.14358974358974358,2.0,0.14375,4.0,0.14965986394557823,5.0,0.18823529411764706,4.0,0.22885572139303484,4.0,,,,
Misty May-Treanor,Maksim Chmerkoskiy,Athlete,California,United States,31,7,10,0.08333333333333333,5.0,0.09502262443438914,4.0,,,,,,,,,,,,,,,,,,
Maurice Greene,Cheryl Burke,Athlete,Kansas,United States,34,7,5,0.07738095238095238,7.0,0.08597285067873303,8.0,0.12060301507537688,3.0,0.09852216748768473,8.0,0.13846153846153847,3.0,0.13125,6.0,0.17006802721088435,2.0,0.18823529411764706,4.0,,,,,,
Warren Sapp,Kym Johnson,Athlete,Florida,United States,35,7,2,0.08531746031746032,3.0,0.1085972850678733,1.0,0.12562814070351758,2.0,0.10837438423645321,5.0,0.1282051282051282,4.0,0.15625,3.0,0.14285714285714285,6.0,0.21176470588235294,2.0,0.24378109452736318,2.0,0.3235294117647059,2.0,,
Jeffrey Ross,Edyta Sliwinska,Comedian,New Jersey,United States,43,7,13,0.047619047619047616,13.0,,,,,,,,,,,,,,,,,,,,
Toni Braxton,Alec Mazo,Singer/Rapper,Maryland,United States,40,7,8,0.08928571428571429,2.0,0.10407239819004525,3.0,0.11055276381909548,4.0,0.10837438423645321,5.0,0.11282051282051282,5.0,,,,,,,,,,,,
Lance Bass,Lacey Schwimmer,Singer/Rapper,Mississippi,United States,29,7,3,0.08531746031746032,3.0,0.09049773755656108,7.0,0.11055276381909548,4.0,0.12807881773399016,1.0,0.1076923076923077,7.0,0.16875,1.0,0.17006802721088435,2.0,0.19607843137254902,3.0,0.2835820895522388,1.0,0.3235294117647059,2.0,,
Kim Kardashian,Mark Ballas,TV Personality,California,United States,27,7,11,0.07341269841269842,8.0,0.07692307692307693,9.0,,,,,,,,,,,,,,,,,,
Rocco DiSpirito,Karina Smirnoff,TV Personality,New York,United States,41,7,9,0.06944444444444445,11.0,0.07239819004524888,10.0,0.10050251256281408,8.0,0.08866995073891626,9.0,,,,,,,,,,,,,,
Brooke Burke,Derek Hough,TV Personality,Connecticut,United States,37,7,1,0.09722222222222222,1.0,0.1085972850678733,1.0,0.1407035175879397,1.0,0.12807881773399016,1.0,0.14871794871794872,1.0,0.1625,2.0,0.20408163265306123,1.0,0.21568627450980393,1.0,0.24378109452736318,2.0,0.35294117647058826,1.0,,
Gilles Marini,Cheryl Burke,Actor/Actress,,France,33,8,2,0.09876543209876543,1.0,0.1018867924528302,1.0,0.1062992125984252,1.0,0.12396694214876033,1.0,0.1380952380952381,1.0,0.13978494623655913,3.0,0.14835164835164835,3.0,0.1762820512820513,2.0,0.20973782771535582,2.0,0.273972602739726,1.0,0.3314285714285714,2.0
Denise Richards,Maksim Chmerkoskiy,Actor/Actress,Illinois,United States,38,8,12,0.07407407407407407,7.0,0.07924528301886792,5.0,0.06299212598425197,10.0,,,,,,,,,,,,,,,,
David Alan Grier,Kym Johnson,Actor/Actress,Michigan,United States,52,8,9,0.07818930041152264,6.0,0.06415094339622641,11.0,0.09448818897637795,5.0,0.09090909090909091,6.0,0.10476190476190476,6.0,,,,,,,,,,,,
Lawrence Taylor,Edyta Sliwinska,Athlete,Virginia,United States,50,8,7,0.06584362139917696,11.0,0.07547169811320754,6.0,0.07874015748031496,8.0,0.07851239669421488,8.0,0.09523809523809523,8.0,0.11827956989247312,6.0,0.11538461538461539,7.0,,,,,,,,
Ty Murray,Chelsie Hightower,Athlete,Arizona,United States,39,8,4,0.05761316872427984,12.0,0.07547169811320754,6.0,0.09055118110236221,6.0,0.10330578512396695,4.0,0.1,7.0,0.0967741935483871,7.0,0.13186813186813187,6.0,0.16666666666666666,3.0,0.17228464419475656,5.0,0.2191780821917808,4.0,,
Shawn Johnson,Mark Ballas,Athlete,Iowa,United States,17,8,1,0.09465020576131687,2.0,0.09056603773584905,3.0,0.1062992125984252,1.0,0.10330578512396695,4.0,0.12380952380952381,2.0,0.13978494623655913,3.0,0.15384615384615385,2.0,0.16666666666666666,3.0,0.20973782771535582,2.0,0.2557077625570776,2.0,0.34285714285714286,1.0
Steve Wozniak,Karina Smirnoff,Entrepreneur,California,United States,58,8,10,0.053497942386831275,13.0,0.06415094339622641,11.0,0.03937007874015748,12.0,0.049586776859504134,11.0,,,,,,,,,,,,,,
Belinda Carlisle,Jonathan Roberts,Singer/Rapper,California,United States,50,8,13,0.06995884773662552,9.0,0.06792452830188679,9.0,,,,,,,,,,,,,,,,,,
Chuck Wicks,Julianne Hough,Singer/Rapper,Delaware,United States,29,8,6,0.0823045267489712,5.0,0.07547169811320754,6.0,0.09055118110236221,6.0,0.09090909090909091,6.0,0.10952380952380952,5.0,0.12365591397849462,5.0,0.14835164835164835,3.0,0.16346153846153846,5.0,,,,,,
Lil' Kim,Derek Hough,Singer/Rapper,New York,United States,34,8,5,0.08641975308641975,4.0,0.08679245283018867,4.0,0.0984251968503937,4.0,0.1115702479338843,3.0,0.12380952380952381,2.0,0.15053763440860216,1.0,0.14285714285714285,5.0,0.1794871794871795,1.0,0.1947565543071161,4.0,,,,
Steve-O,Lacey Schwimmer,TV Personality,,England,34,8,8,0.06995884773662552,9.0,0.052830188679245285,13.0,0.05905511811023622,11.0,0.06198347107438017,10.0,0.08571428571428572,9.0,0.08602150537634409,8.0,,,,,,,,,,
Holly Madison,Dmitry Chaplin,TV Personality,Oregon,United States,30,8,11,0.07407407407407407,7.0,0.06792452830188679,9.0,0.06692913385826772,9.0,0.06611570247933884,9.0,,,,,,,,,,,,,,
Melissa Rycroft,Tony Dovolani,TV Personality,Texas,United States,26,8,3,0.09465020576131687,2.0,0.09811320754716982,2.0,0.1062992125984252,1.0,0.11983471074380166,2.0,0.11904761904761904,4.0,0.14516129032258066,2.0,0.15934065934065933,1.0,0.14743589743589744,6.0,0.21348314606741572,1.0,0.2511415525114155,3.0,0.32571428571428573,3.0
Ashley Hamiliton,Edyta Sliwinska,Actor/Actress,California,United States,34,9,16,0.046797967676719905,15.0,,,,,,,,,,,,,,,,,,,,
Debi Mazar,Maksim Chmerkoskiy,Actor/Actress,New York,United States,45,9,12,0.05418740566465287,10.0,0.07142857142857142,4.0,0.06589147286821706,10.0,,,,,,,,,,,,,,,,
Melissa Joan Hart,Mark Ballas,Actor/Actress,New York,United States,33,9,9,0.05911353345234858,9.0,0.06462585034013606,9.0,0.07364341085271318,8.0,0.11570247933884298,1.0,0.09504132231404959,7.0,0.09230762721870961,8.0,,,,,,,,,,
Mark Dacascos,Lacey Schwimmer,Actor/Actress,Hawaii,United States,45,9,6,0.0714283603088091,6.0,0.07142857142857142,4.0,0.06976744186046512,9.0,0.09090909090909091,7.0,0.10743801652892562,3.0,0.12307734911390078,4.0,0.1225071225071225,7.0,,,,,,,,
Chuck Liddell,Anna Trebunskaya,Athlete,California,United States,39,9,11,0.05418740566465287,10.0,0.06462585034013606,9.0,0.06589147286821706,10.0,0.07024793388429752,9.0,,,,,,,,,,,,,,
Natalie Coughlin,Alec Mazo,Athlete,California,United States,27,9,10,0.06650223252111338,7.0,0.07142857142857142,4.0,0.10077519379844961,2.0,0.09917355371900827,4.0,0.09090909090909091,8.0,,,,,,,,,,,,
Louie Vito,Chelsie Hightower,Athlete,Ohio,United States,21,9,8,0.06650223252111338,7.0,0.06462585034013606,9.0,0.07751937984496124,6.0,0.06611570247933884,10.0,0.09090909090909091,8.0,0.09230801183542559,7.0,,,,,,,,,,
Michael Irvin,Anna Demidova,Athlete,Florida,United States,43,9,7,0.046798213983109294,14.0,0.06802721088435375,7.0,0.05426356589147287,13.0,0.06611570247933884,10.0,0.08677685950413223,10.0,0.08461490828237482,9.0,0.1339031339031339,6.0,,,,,,,,
Joanna Krupa,Derek Hough,Model,,Poland,30,9,4,0.08374392608443776,1.0,0.06802721088435375,7.0,0.08914728682170543,3.0,0.10743801652892562,3.0,0.09917355371900827,4.0,0.13846163313642237,1.0,0.15669515669515668,1.0,0.1984732824427481,2.0,0.2531258701201785,2.0,,,,
Kathy Ireland,Tony Dovolani,Model,California,United States,46,9,14,0.04926103157056776,12.0,0.061224489795918366,13.0,,,,,,,,,,,,,,,,,,
Tom DeLay,Cheryl Burke,Politician,Texas,United States,62,9,13,0.04926103157056776,12.0,0.061224489795918366,13.0,0.05813953488372093,12.0,,,,,,,,,,,,,,,,
Macy Gray,Jonathan Roberts,Singer/Rapper,Ohio,United States,42,9,15,0.046797967676719905,15.0,,,,,,,,,,,,,,,,,,,,
Aaron Carter,Karina Smirnoff,Singer/Rapper,Florida,United States,21,9,5,0.07881779829674204,2.0,0.09183673469387756,1.0,0.08139534883720931,4.0,0.0743801652892562,8.0,0.09917355371900827,4.0,0.12692274704027823,3.0,0.150997150997151,2.0,0.19083969465648856,4.0,,,,,,
Mya,Dmitry Chaplin,Singer/Rapper,Washington D.C.,United States,29,9,2,0.07635473440289418,3.0,0.09183673469387756,1.0,0.10465116279069768,1.0,0.11570247933884298,1.0,0.1115702479338843,2.0,0.12692351627371018,2.0,0.1396011396011396,5.0,0.22519083969465647,1.0,0.27187499707030244,1.0,0.34320309320309317,2.0,,
Donny Osmond,Kym Johnson,Singer/Rapper,Utah,United States,51,9,1,0.07389167050904633,5.0,0.08503401360544217,3.0,0.08139534883720931,4.0,0.09917355371900827,4.0,0.11983471074380166,1.0,0.11923079733737539,5.0,0.14814814814814814,3.0,0.19083969465648856,4.0,0.23125016992245911,4.0,0.35127769056340485,1.0,,
Kelly Osbourne,Louis van Amstel,TV Personality,,England,24,9,3,0.07635448809650482,4.0,0.06462585034013606,9.0,0.07751937984496124,6.0,0.09504132231404959,6.0,0.09917355371900827,4.0,0.09615340976180302,6.0,0.14814814814814814,3.0,0.1946564885496183,3.0,0.2437489628870599,3.0,0.305519216233502,3.0,,
Aiden Turner,Edyta Sliwinska,Actor/Actress,,England,32,10,9,0.07177033492822966,10.0,0.08636363636363636,8.0,0.09852216748768473,7.0,0.0889487870619946,8.0,,,,,,,,,,,,,,
Shannen Doherty,Mark Ballas,Actor/Actress,Tennessee,United States,38,10,11,0.0861244019138756,6.0,0.09090909090909091,6.0,,,,,,,,,,,,,,,,,,
Niecy Nash,Louis van Amstel,Actor/Actress,California,United States,40,10,5,0.0861244019138756,6.0,0.09545454545454546,5.0,0.10344827586206896,4.0,0.09703504043126684,7.0,0.10404624277456648,6.0,0.1244013735931173,6.0,0.15755627009646303,6.0,0.16996047430830039,5.0,,,,,,
Buzz Aldrin,Ashly DelGrosso,Astronaut,New Jersey,United States,80,10,10,0.06698564593301436,11.0,0.05454545454545454,11.0,0.06403940886699508,10.0,,,,,,,,,,,,,,,,
Chad Ochocinco,Cheryl Burke,Athlete,Florida,United States,32,10,4,0.0861244019138756,6.0,0.07272727272727272,9.0,0.09852216748768473,7.0,0.11859838274932614,4.0,0.10404624277456648,6.0,0.14832537716633498,3.0,0.16720257234726688,3.0,0.17786561264822134,4.0,0.23008849557522124,4.0,,,,
Evan Lysacek,Anna Trebunskaya,Athlete,Illinois,United States,24,10,2,0.11004784688995216,2.0,0.10909090909090909,2.0,0.12807881773399016,1.0,0.14016172506738545,1.0,0.15606936416184972,2.0,0.12918703555466454,5.0,0.17363344051446947,1.0,0.20948616600790515,2.0,0.2610619469026549,1.0,0.325268368450467,3.0,,
Pamela Anderson,Damian Whitewood,Model,,Canada,42,10,6,0.10047846889952153,3.0,0.1,4.0,0.10344827586206896,4.0,0.12668463611859837,3.0,0.12138728323699421,5.0,0.1435401936752898,4.0,0.1639871382636656,4.0,,,,,,,,
Nicole Scherzinger,Derek Hough,Singer/Rapper,Hawaii,United States,31,10,1,0.11961722488038277,1.0,0.12727272727272726,1.0,0.11330049261083744,2.0,0.1347708894878706,2.0,0.1676300578034682,1.0,0.17224890226905065,1.0,0.17363344051446947,1.0,0.233201581027668,1.0,0.2610619469026549,1.0,0.3481193038992962,1.0,,
Erin Andrews,Maksim Chmerkoskiy,Sports Broadcaster,Maine,United States,32,10,3,0.10047846889952153,3.0,0.10454545454545454,3.0,0.11330049261083744,2.0,0.10512129380053908,5.0,0.12716763005780346,4.0,0.16267997069846646,2.0,0.1639871382636656,4.0,0.20948616600790515,2.0,0.24778761061946902,3.0,0.32661232765023673,2.0,,
Kate Gosselin,Tony Dovolani,TV Personality,Pennsylvania,United States,35,10,8,0.07655502392344497,9.0,0.06818181818181818,10.0,0.07389162561576355,9.0,0.0862533692722372,9.0,0.08670520231213873,8.0,,,,,,,,,,,,
Jake Pavelka,Chelsie Hightower,TV Personality,Texas,United States,32,10,7,0.09569377990430622,5.0,0.09090909090909091,6.0,0.10344827586206896,4.0,0.10242587601078167,6.0,0.1329479768786127,3.0,0.1196171470430762,7.0,,,,,,,,,,
David Hasselhoff,Kym Johnson,Actor/Actress,Maryland,United States,58,11,12,0.06607929515418502,10.0,,,,,,,,,,,,,,,,,,,,
Florence Henderson,Corky Ballas,Actor/Actress,Indiana,United States,76,11,8,0.07929515418502203,7.0,0.08597285067873303,8.0,0.09049773755656108,7.0,0.09776536312849161,6.0,0.11538461538461539,6.0,,,,,,,,,,,,
Kyle Massey,Lacey Schwimmer,Actor/Actress,Georgia,United States,19,11,2,0.1013215859030837,2.0,0.09954751131221719,3.0,0.10407239819004525,5.0,0.11173184357541899,4.0,0.10989010989010989,7.0,0.14492754323323798,4.0,0.1606714628297362,5.0,0.21132075471698114,3.0,0.2543859649122807,2.0,0.3293164561842318,2.0,,
Jennifer Grey,Derek Hough,Actor/Actress,New York,United States,50,11,1,0.10572687224669604,1.0,0.1085972850678733,1.0,0.1085972850678733,2.0,0.1564245810055866,1.0,0.13736263736263737,2.0,0.14009709211577043,5.0,0.1750599520383693,1.0,0.21509433962264152,1.0,0.2631578947368421,1.0,0.36144665408832316,1.0,,
Rick Fox,Cheryl Burke,Athlete,,Canada,41,11,6,0.09691629955947137,4.0,0.09502262443438914,5.0,0.1085972850678733,2.0,0.10893854748603352,5.0,0.13186813186813187,3.0,0.14492802632665908,3.0,0.16546762589928057,4.0,,,,,,,,
Kurt Warner,Anna Trebunskaya,Athlete,Iowa,United States,39,11,5,0.08370044052863436,5.0,0.09502262443438914,5.0,0.10407239819004525,5.0,0.09497206703910614,7.0,0.13186813186813187,3.0,0.1062800695461289,7.0,0.16786570743405277,3.0,0.1811320754716981,4.0,,,,,,
Margaret Cho,Louis van Amstel,Comedian,California,United States,41,11,10,0.06607929515418502,10.0,0.08144796380090498,9.0,0.08144796380090498,10.0,,,,,,,,,,,,,,,,
Michael Bolton,Chelsie Hightower,Singer/Rapper,Connecticut,United States,57,11,11,0.07048458149779736,9.0,0.05429864253393665,11.0,,,,,,,,,,,,,,,,,,
Brandy,Maksim Chmerkoskiy,Singer/Rapper,Mississippi,United States,31,11,4,0.1013215859030837,2.0,0.09502262443438914,5.0,0.1085972850678733,2.0,0.1340782122905028,2.0,0.14835164835164835,1.0,0.1739131484985698,1.0,0.1750599520383693,1.0,0.21509433962264152,1.0,0.25,3.0,,,,
The Situation,Karina Smirnoff,TV Personality,New York,United States,28,11,9,0.06607929515418502,10.0,0.08144796380090498,9.0,0.09049773755656108,7.0,0.0782122905027933,9.0,,,,,,,,,,,,,,
Audrina Patridge,Tony Dovolani,TV Personality,California,United States,25,11,7,0.08370044052863436,5.0,0.10407239819004525,2.0,0.11764705882352941,1.0,0.12849162011173185,3.0,0.12637362637362637,5.0,0.15458892856159417,2.0,,,,,,,,,,
Bristol Palin,Mark Ballas,TV Personality,Alaska,United States,19,11,3,0.07929515418502203,7.0,0.09954751131221719,3.0,0.08597285067873303,9.0,0.0893854748603352,8.0,0.0989010989010989,8.0,0.13526519171803963,6.0,0.15587529976019185,6.0,0.17735849056603772,5.0,0.2324561403508772,4.0,0.3092368897274452,3.0,,
Ralph Macchio,Karina Smirnoff,Actor/Actress,New York,United States,49,12,4,0.11594202898550725,1.0,0.09722222222222222,4.0,0.09813084112149532,5.0,0.12135922330097088,2.0,0.1134020618556701,6.0,0.13333333333333333,6.0,0.17506631299734748,1.0,0.17692307692307693,5.0,0.20425531914893616,4.0,,,,
Chelsea Kane,Mark Ballas,Actor/Actress,Arizona,United States,22,12,3,0.10144927536231885,3.0,0.08333333333333333,7.0,0.10747663551401869,3.0,0.1262135922330097,1.0,0.13402061855670103,2.0,0.15555555555555556,1.0,0.16976127320954906,3.0,0.21153846153846154,1.0,0.31063829787234043,1.0,0.33969480071129965,1.0,,
Kirstie Alley,Maksim Chmerkoskiy,Actor/Actress,Kansas,United States,60,12,2,0.1111111111111111,2.0,0.09259259259259259,5.0,0.09813084112149532,5.0,0.10679611650485436,7.0,0.11855670103092783,5.0,0.14444444444444443,4.0,0.15915119363395225,5.0,0.20384615384615384,3.0,0.2297872340425532,3.0,0.32061039857740076,3.0,,
Hines Ward,Kym Johnson,Athlete,,South Korea,35,12,1,0.10144927536231885,3.0,0.10648148148148148,1.0,0.11682242990654206,1.0,0.12135922330097088,2.0,0.13917525773195877,1.0,0.15,3.0,0.17506631299734748,1.0,0.2076923076923077,2.0,0.2553191489361702,2.0,0.33969480071129965,1.0,,
Sugar Ray Leonard,Anna Trebunskaya,Athlete,North Carolina,United States,54,12,9,0.0821256038647343,9.0,0.0787037037037037,9.0,0.09345794392523364,8.0,0.10194174757281553,8.0,,,,,,,,,,,,,,
Chris Jericho,Cheryl Burke,Athlete,New York,United States,40,12,7,0.09178743961352658,5.0,0.10648148148148148,1.0,0.09813084112149532,5.0,0.11165048543689321,4.0,0.13402061855670103,2.0,0.12222222222222222,7.0,,,,,,,,,,
Petra Nemcova,Dmitry Chaplin,Model,,Czechoslovakia,31,12,8,0.08695652173913043,7.0,0.08333333333333333,7.0,0.11682242990654206,1.0,0.11165048543689321,4.0,0.1134020618556701,6.0,,,,,,,,,,,,
Mike Catherwood,Lacey Schwimmer,Radio Personality,California,United States,32,12,11,0.06280193236714976,11.0,0.0787037037037037,9.0,,,,,,,,,,,,,,,,,,
Romeo,Chelsie Hightower,Singer/Rapper,Louisiana,United States,21,12,5,0.09178743961352658,5.0,0.10648148148148148,1.0,0.09345794392523364,8.0,0.11165048543689321,4.0,0.13402061855670103,2.0,0.15555555555555556,1.0,0.15915119363395225,5.0,0.2,4.0,,,,,,
Wendy Williams,Tony Dovolani,TV Personality,New Jersey,United States,46,12,10,0.06763285024154589,10.0,0.0787037037037037,9.0,0.07009345794392523,10.0,,,,,,,,,,,,,,,,
Kendra Wilkinson,Louis van Amstel,TV Personality,California,United States,25,12,6,0.08695652173913043,7.0,0.08796296296296297,6.0,0.10747663551401869,3.0,0.08737864077669903,9.0,0.1134020618556701,6.0,0.1388888888888889,5.0,0.16180371352785147,4.0,,,,,,,,
Elisabetta Canalis,Valentin Chmerkovskiy,Actor/Actress,,Italy,33,13,11,0.06912442396313365,11.0,0.09417040358744394,4.0,,,,,,,,,,,,,,,,,,
David Arquette,Kym Johnson,Actor/Actress,Virginia,United States,40,13,6,0.08294930875576037,6.0,0.08071748878923767,9.0,0.10126582278481013,4.0,0.11004784688995216,5.0,0.13297872340425532,2.0,0.13855421686746988,4.0,0.16040955631399317,5.0,,,,,,,,
Ricki Lake,Derek Hough,Actor/Actress,New York,United States,42,13,3,0.09216589861751152,4.0,0.1031390134529148,1.0,0.11392405063291139,1.0,0.13875598086124402,1.0,0.1276595744680851,4.0,0.1746987951807229,1.0,0.18088737201365188,1.0,0.20077220077220076,2.0,0.2827007708893286,1.0,0.33136133188796163,3.0,,
J.R. Martinez,Karina Smirnoff,Actor/Actress,Louisiana,United States,28,13,1,0.10138248847926268,1.0,0.09865470852017937,2.0,0.10970464135021098,2.0,0.12440191387559808,2.0,0.14893617021276595,1.0,0.1746987951807229,1.0,0.16382252559726962,4.0,0.23166023166023167,1.0,0.2362879168266533,3.0,0.33333293885414844,2.0,,
Metta World Peace (Ron),Peta Murgatroyd,Athlete,New York,United States,31,13,12,0.06451612903225806,12.0,,,,,,,,,,,,,,,,,,,,
Hope Solo,Maksim Chmerkoskiy,Athlete,Washington,United States,30,13,4,0.0967741935483871,3.0,0.08520179372197309,8.0,0.10126582278481013,4.0,0.11483253588516747,3.0,0.1276595744680851,4.0,0.12048192771084337,6.0,0.17064846416382254,3.0,0.20077220077220076,2.0,0.20675023945248716,4.0,,,,
Chynna Phillips,Tony Dovolani,Singer/Rapper,California,United States,43,13,9,0.10138248847926268,1.0,0.09417040358744394,4.0,0.10970464135021098,2.0,0.10047846889952153,6.0,,,,,,,,,,,,,,
Kristin Cavallari,Mark Ballas,TV Personality,Colorado,United States,24,13,10,0.08755760368663594,5.0,0.09865470852017937,2.0,0.10126582278481013,4.0,,,,,,,,,,,,,,,,
Carson Kressley,Anna Trebunskaya,TV Personality,Pennsylvania,United States,41,13,8,0.07834101382488479,7.0,0.08071748878923767,9.0,0.0970464135021097,8.0,0.09569377990430622,9.0,0.10106382978723404,8.0,,,,,,,,,,,,
Chaz Bono,Lacey Schwimmer,TV Personality,California,United States,42,13,7,0.07834101382488479,7.0,0.07623318385650224,11.0,0.0759493670886076,10.0,0.10047846889952153,6.0,0.11170212765957446,7.0,0.1144578313253012,7.0,,,,,,,,,,
Nancy Grace,Tristan MacManus,TV Personality,Georgia,United States,51,13,5,0.07373271889400922,9.0,0.09417040358744394,4.0,0.08860759493670886,9.0,0.10047846889952153,6.0,0.11702127659574468,6.0,0.14457831325301204,3.0,0.15017064846416384,6.0,0.16988416988416988,5.0,,,,,,
Rob Kardashian,Cheryl Burke,TV Personality,California,United States,24,13,2,0.07373271889400922,9.0,0.09417040358744394,4.0,0.10126582278481013,4.0,0.11483253588516747,3.0,0.13297872340425532,2.0,0.13253012048192772,5.0,0.17406143344709898,2.0,0.1969111969111969,4.0,0.27426107283153095,2.0,0.33530572925789,1.0,,
William Levy,Cheryl Burke,Actor/Actress,,Cuba,31,14,3,0.08888888888888889,3.0,0.09293680297397769,3.0,0.1,2.0,0.0944206008583691,6.0,0.12946428571428573,1.0,0.13953526230497523,3.0,0.1444141689373297,3.0,0.1743119266055046,1.0,0.25217391304347825,2.0,0.33208930162582334,2.0,,
Jack Wagner,Anna Trebunskaya,Actor/Actress,Missouri,United States,52,14,11,0.08518518518518518,4.0,0.07806691449814127,8.0,0.08571428571428572,7.0,,,,,,,,,,,,,,,,
Sherri Sheperd,Valentin Chmerkovskiy,Actor/Actress,Illinois,United States,44,14,10,0.08518518518518518,4.0,0.08550185873605948,6.0,0.08571428571428572,7.0,0.09012875536480687,9.0,,,,,,,,,,,,,,
Jaleel White,Kym Johnson,Actor/Actress,California,United States,35,14,7,0.0962962962962963,1.0,0.08178438661710037,7.0,0.08928571428571429,5.0,0.0944206008583691,6.0,0.10714285714285714,6.0,0.14341046661754508,2.0,0.13896457765667575,6.0,,,,,,,,
Roshon Fegan,Chelsie Hightower,Actor/Actress,California,United States,20,14,6,0.08518518518518518,4.0,0.09665427509293681,1.0,0.08928571428571429,5.0,0.11158798283261803,2.0,0.11607142857142858,5.0,0.10852665104130127,7.0,0.14168937329700274,5.0,0.1712538226299694,2.0,,,,,,
Melissa Gilbert,Maksim Chmerkoskiy,Actor/Actress,California,United States,47,14,5,0.07407407407407407,10.0,0.07434944237918216,10.0,0.08571428571428572,7.0,0.0944206008583691,6.0,0.09375,8.0,0.11627938525414604,5.0,0.12806539509536785,7.0,0.1559633027522936,6.0,,,,,,
Martina Navratilova,Tony Dovolani,Athlete,,Czechoslovakia,55,14,12,0.07407407407407407,10.0,0.06319702602230483,12.0,,,,,,,,,,,,,,,,,,
Donald Driver,Peta Murgatroyd,Athlete,Texas,United States,37,14,1,0.07777777777777778,8.0,0.08921933085501858,5.0,0.09285714285714286,4.0,0.11587982832618025,1.0,0.12053571428571429,3.0,0.13178291569008133,4.0,0.1444141689373297,3.0,0.16819571865443425,3.0,0.24782608695652175,3.0,0.33208930162582334,2.0,,
Gavin DeGraw,Karina Smirnoff,Singer/Rapper,New York,United States,35,14,9,0.07407407407407407,10.0,0.07806691449814127,8.0,0.08571428571428572,7.0,0.09871244635193133,5.0,0.08482142857142858,9.0,,,,,,,,,,,,
Gladys Knight,Tristan MacManus,Singer/Rapper,Georgia,United States,67,14,8,0.08518518518518518,4.0,0.07063197026022305,11.0,0.08571428571428572,7.0,0.08583690987124463,10.0,0.09821428571428571,7.0,0.09302350820331683,8.0,,,,,,,,,,
Katherine Jenkins,Mark Ballas,Singer/Rapper,,Wales,31,14,2,0.0962962962962963,1.0,0.09665427509293681,1.0,0.10357142857142858,1.0,0.10300429184549356,4.0,0.12946428571428573,1.0,0.151162813232439,1.0,0.14713896457765668,2.0,0.16819571865443425,3.0,0.24347826086956523,4.0,0.3358213967483533,1.0,,
Maria Menounos,Derek Hough,TV Personality,Massachusetts,United States,33,14,4,0.07777777777777778,8.0,0.09293680297397769,3.0,0.09642857142857143,3.0,0.11158798283261803,2.0,0.12053571428571429,3.0,0.11627899765619518,6.0,0.1553133514986376,1.0,0.1620795107033639,5.0,0.2565217391304348,1.0,,,,
Gilles Marini,Peta Murgatroyd,Actor/Actress,,France,36,15,6,0.0867992766726944,2.0,0.09239130434782608,2.0,0.09172661870503597,4.0,0.12286158631415241,1.0,0.12710911136107986,2.0,0.12168141592920353,5.0,0.1384293260352406,5.0,0.1469193195013584,2.0,,,,,,
Sabrina Bryan,Louis van Amstel,Actor/Actress,California,United States,28,15,8,0.081374321880651,3.0,0.09420289855072464,1.0,0.09172661870503597,4.0,0.1104199066874028,6.0,0.13160854893138357,1.0,0.13274336283185842,1.0,,,,,,,,,,
Kirstie Alley,Maksim Chmerkoskiy,Actor/Actress,Kansas,United States,61,15,7,0.06871609403254973,12.0,0.07608695652173914,11.0,0.08633093525179857,9.0,0.09331259720062209,9.0,0.11811023622047244,7.0,0.12168141592920353,5.0,0.1157024007920684,7.0,0.127962327890669,7.0,,,,,,
Kelly Monaco,Valentin Chmerkovskiy,Actor/Actress,Pennsylvania,United States,36,15,3,0.07775768535262206,6.0,0.07971014492753623,10.0,0.09712230215827339,1.0,0.1166407465007776,3.0,0.11586051743532058,8.0,0.11946902654867257,7.0,0.14876076087823395,3.0,0.1421801970519487,5.0,0.19227700484469115,4.0,0.3331212530739241,2.0,,
Apolo Anton Ohno,Karina Smirnoff,Athlete,Washington,United States,30,15,5,0.07956600361663653,4.0,0.08876811594202899,4.0,0.09172661870503597,4.0,0.10730948678071539,7.0,0.12710911136107986,2.0,0.13274336283185842,1.0,0.13636403080504778,6.0,0.1469193195013584,2.0,0.20291532535175608,3.0,,,,
Emmitt Smith,Cheryl Burke,Athlete,Florida,United States,43,15,4,0.08860759493670886,1.0,0.08152173913043478,7.0,0.08992805755395683,8.0,0.1119751166407465,5.0,0.12598425196850394,6.0,0.1172566371681416,8.0,0.14256198261730507,4.0,0.1458037890899821,4.0,0.19148976912716836,5.0,,,,
Shawn Johnson,Derek Hough,Athlete,Iowa,United States,20,15,2,0.07956600361663653,4.0,0.09057971014492754,3.0,0.09532374100719425,3.0,0.12286158631415241,1.0,0.12710911136107986,2.0,0.12389380530973451,4.0,0.15702442114501983,2.0,0.13967113179919047,6.0,0.2092203033056099,1.0,0.33121481937513375,3.0,,
Pamela Anderson,Tristan MacManus,Model,,Canada,45,15,13,0.06148282097649186,13.0,,,,,,,,,,,,,,,,,,,,
Helio Castroneves,Chelsie Hightower,Racing Driver,,Brazil,37,15,10,0.07775768535262206,6.0,0.08333333333333333,6.0,0.09172661870503597,4.0,,,,,,,,,,,,,,,,
Joey Fatone,Kym Johnson,Singer/Rapper,New York,United States,35,15,12,0.07414104882459313,10.0,0.08152173913043478,7.0,,,,,,,,,,,,,,,,,,
Drew Lachey,Anna Trebunskaya,Singer/Rapper,Ohio,United States,36,15,11,0.07775768535262206,6.0,0.08152173913043478,7.0,0.08633093525179857,9.0,,,,,,,,,,,,,,,,
Bristol Palin,Mark Ballas,TV Personality,Alaska,United States,21,15,9,0.0705244122965642,11.0,0.06521739130434782,12.0,0.08093525179856115,11.0,0.09953343701399689,8.0,,,,,,,,,,,,,,
Melissa Rycroft,Tony Dovolani,TV Personality,Texas,United States,29,15,1,0.0759493670886076,9.0,0.08514492753623189,5.0,0.09712230215827339,1.0,0.1150855365474339,4.0,0.12710911136107986,2.0,0.13053097345132744,3.0,0.16115707772708432,1.0,0.15054391516549293,1.0,0.20409759737077457,2.0,0.33566392755094215,1.0,,
Ingo Rademacher,Kym Johnson,Actor/Actress,,Germany,41,16,5,0.08733624454148471,5.0,0.08196721311475409,5.0,0.08936185423294338,6.0,0.10267857142857142,5.0,0.10047846889952153,6.0,0.1220159151193634,4.0,0.1358695652173913,5.0,0.15434083601286175,5.0,0.18085106382978725,5.0,,,,
Zendaya,Valentin Chmerkovskiy,Actor/Actress,California,United States,16,16,2,0.10480349344978165,1.0,0.10655737704918032,1.0,0.11063763512788959,1.0,0.11607142857142858,2.0,0.13875598086124402,1.0,0.13527851458885942,3.0,0.16304347826086957,2.0,0.1864951768488746,1.0,0.1950354609929078,4.0,0.256410475564509,1.0,,
Dorothy Hamill,Tristan MacManus,Athlete,Illinois,United States,56,16,12,0.09170305676855896,2.0,0.06147540983606557,12.0,,,,,,,,,,,,,,,,,,
Victor Ortiz,Lindsay Arnold,Athlete,Kansas,United States,26,16,8,0.07860262008733625,8.0,0.07377049180327869,8.0,0.09787250701703322,4.0,0.08035714285714286,9.0,0.10047846889952153,6.0,0.10610079575596817,8.0,,,,,,,,,,
Alexandra Raisman,Mark Ballas,Athlete,Massachusetts,United States,18,16,4,0.09170305676855896,2.0,0.09836065573770492,3.0,0.09787250701703322,4.0,0.12053571428571429,1.0,0.11961722488038277,4.0,0.13793103448275862,2.0,0.17391304347826086,1.0,0.18006430868167203,2.0,0.20921985815602837,1.0,0.24786345971235874,3.0,,
Jacoby Jones,Karina Smirnoff,Athlete,Louisiana,United States,28,16,3,0.08733624454148471,5.0,0.0942622950819672,4.0,0.11063763512788959,1.0,0.10714285714285714,4.0,0.12440191387559808,3.0,0.11936339522546419,6.0,0.14673913043478262,4.0,0.16720257234726688,4.0,0.20921985815602837,1.0,0.2393155891586232,4.0,,
D. L. Hughley,Cheryl Burke,Comedian,Virginia,United States,50,16,9,0.05240174672489083,12.0,0.06557377049180328,11.0,0.06808522227271877,10.0,0.09375,6.0,0.0861244019138756,8.0,,,,,,,,,,,,
Andy Dick,Sharna Burgess,Comedian,South Carolina,United States,47,16,7,0.07423580786026202,11.0,0.08196721311475409,5.0,0.07659587505680861,9.0,0.09375,6.0,0.0861244019138756,8.0,0.11405835543766578,7.0,0.09239130434782608,7.0,,,,,,,,
Wynonna Judd,Tony Dovolani,Singer/Rapper,Kentucky,United States,48,16,11,0.07860262008733625,8.0,0.07377049180327869,8.0,0.06382989588067384,11.0,,,,,,,,,,,,,,,,
Kellie Pickler,Derek Hough,Singer/Rapper,North Carolina,United States,26,16,1,0.09170305676855896,2.0,0.10655737704918032,1.0,0.10638315980112308,3.0,0.11607142857142858,2.0,0.1291866028708134,2.0,0.14323607427055704,1.0,0.15760869565217392,3.0,0.17684887459807075,3.0,0.20567375886524822,3.0,0.256410475564509,1.0,,
Lisa Vanderpump,Gleb Savchenko,TV Personality,,England,52,16,10,0.07860262008733625,8.0,0.07377049180327869,8.0,0.08936185423294338,6.0,0.08035714285714286,9.0,,,,,,,,,,,,,,
Sean Lowe,Peta Murgatroyd,TV Personality,Texas,United States,29,16,6,0.08296943231441048,7.0,0.08196721311475409,5.0,0.08936185423294338,6.0,0.08928571428571429,8.0,0.11483253588516747,5.0,0.1220159151193634,4.0,0.13043478260869565,6.0,0.13504823151125403,6.0,,,,,,
Valerie Harper,Tristan MacManus,Actor/Actress,New York,United States,74,17,10,0.08203125,8.0,0.07142857142857142,10.0,0.06274509803921569,10.0,0.0759493670886076,10.0,,,,,,,,,,,,,,
Brant Daugherty,Peta Murgatroyd,Actor/Actress,Ohio,United States,28,17,7,0.0859375,6.0,0.08646616541353383,7.0,0.10588235294117647,1.0,0.08860759493670886,8.0,0.1148936170212766,3.0,0.13419959895965008,3.0,0.12866817155756208,3.0,0.140625,5.0,,,,,,
Elizabeth Berkley Lauren,Valentin Chmerkovskiy,Actor/Actress,Michigan,United States,39,17,6,0.09375,2.0,0.09398496240601503,2.0,0.09803921568627451,4.0,0.11392405063291139,1.0,0.11063829787234042,6.0,0.13852775247706486,2.0,0.12189616252821671,5.0,0.13020833333333334,6.0,0.17777777777777778,2.0,,,,
Leah Remini,Tony Dovolani,Actor/Actress,New York,United States,43,17,5,0.08203125,8.0,0.09022556390977443,4.0,0.09411764705882353,6.0,0.10126582278481013,4.0,0.09361702127659574,9.0,0.12121210809388083,5.0,0.11963882618510158,7.0,0.14583333333333334,3.0,0.17142857142857143,3.0,0.18571428571428572,4.0,,
Corbin Bleu,Karina Smirnoff,Actor/Actress,New York,United States,24,17,2,0.09375,2.0,0.09774436090225563,1.0,0.10196078431372549,2.0,0.11392405063291139,1.0,0.11914893617021277,1.0,0.1168830887726018,6.0,0.13318284424379231,1.0,0.15625,1.0,0.18412698412698414,1.0,0.21428571428571427,2.0,0.25909655421775135,2.0
Amber Riley,Derek Hough,Actor/Actress,California,United States,27,17,1,0.10546875,1.0,0.09022556390977443,4.0,0.09411764705882353,6.0,0.11392405063291139,1.0,0.11063829787234042,6.0,0.13852818537899697,1.0,0.13318284424379231,1.0,0.14583333333333334,3.0,0.1619047619047619,5.0,0.2257142857142857,1.0,0.27365383574062396,1.0
Keyshawn Johnson,Sharna Burgess,Athlete,California,United States,41,17,12,0.06640625,11.0,0.06766917293233082,11.0,,,,,,,,,,,,,,,,,,
Bill Engvall,Emma Slater,Comedian,Texas,United States,56,17,4,0.0703125,10.0,0.07894736842105263,8.0,0.09411764705882353,6.0,0.08860759493670886,8.0,0.10212765957446808,8.0,0.10389603080876471,8.0,0.11286681715575621,8.0,0.125,7.0,0.13333333333333333,6.0,0.17142857142857143,5.0,0.22270771724567986,4.0
Christina Milian,Mark Ballas,Singer/Rapper,New Jersey,United States,31,17,9,0.0859375,6.0,0.09398496240601503,2.0,0.10196078431372549,2.0,0.10126582278481013,4.0,0.11914893617021277,1.0,,,,,,,,,,,,
"Nicole ""Snooki"" Polizzi",Sasha Farber,TV Personality,,Chile,25,17,8,0.08984375,4.0,0.07518796992481203,9.0,0.09803921568627451,4.0,0.10126582278481013,4.0,0.1148936170212766,3.0,0.12987057963837104,4.0,0.12189616252821671,5.0,,,,,,,,
Jack Osbourne,Cheryl Burke,TV Personality,,England,27,17,3,0.08984375,4.0,0.09022556390977443,4.0,0.08627450980392157,9.0,0.10126582278481013,4.0,0.1148936170212766,3.0,0.11688265587066968,7.0,0.12866817155756208,3.0,0.15625,1.0,0.17142857142857143,3.0,0.20285714285714285,3.0,0.24454189279594477,3.0
Bill Nye,Tyne Stecklein,TV Personality,Washington D.C.,United States,57,17,11,0.0546875,12.0,0.06390977443609022,12.0,0.06274509803921569,10.0,,,,,,,,,,,,,,,,
Billy Dee Williams,Emma Slater,Actor/Actress,New York,United States,76,18,10,0.05725190839694656,12.0,0.06147540983606557,11.0,,,,,,,,,,,,,,,,,,
Danica McKellar,Valentin Chmerkovskiy,Actor/Actress,California,United States,39,18,6,0.0916030534351145,3.0,0.09836065573770492,4.0,0.1157556270096463,2.0,0.10774410774410774,6.0,0.12111801242236025,2.0,0.1276595744680851,3.0,0.1422924901185771,4.0,0.168141592920354,3.0,,,,,,
James Maslow,Peta Murgatroyd,Actor/Actress,New York,United States,23,18,4,0.08015267175572519,7.0,0.10245901639344263,1.0,0.1157556270096463,2.0,0.11784511784511785,2.0,0.12422360248447205,1.0,0.12411347517730496,5.0,0.1383399209486166,6.0,0.1592920353982301,4.0,0.19895287958115182,3.0,0.2529075649013137,3.0,,
Candace Cameron Bure,Mark Ballas,Actor/Actress,California,United States,37,18,3,0.09541984732824428,2.0,0.0860655737704918,7.0,0.10289389067524116,7.0,0.09427609427609428,9.0,0.10869565217391304,7.0,0.11347517730496454,7.0,0.14624505928853754,3.0,0.1592920353982301,4.0,0.18848167539267016,5.0,0.22674296916969572,4.0,,
Sean Avery,Karina Smirnoff,Athlete,,Canada,33,18,11,0.07633587786259542,10.0,0.0860655737704918,7.0,,,,,,,,,,,,,,,,,,
Diana Nyad,Henry Byalikov,Athlete,New York,United States,64,18,12,0.06870229007633588,11.0,,,,,,,,,,,,,,,,,,,,
Charlie White,Sharna Burgess,Athlete,Michigan,United States,26,18,5,0.10305343511450382,1.0,0.10245901639344263,1.0,0.1157556270096463,2.0,0.1111111111111111,4.0,0.11490683229813664,3.0,0.1276595744680851,3.0,0.14031620553359683,5.0,0.17699115044247787,1.0,0.19895287958115182,3.0,,,,
Amy Purdy,Derek Hough,Athlete,Nevada,United States,34,18,2,0.0916030534351145,3.0,0.09836065573770492,4.0,0.1157556270096463,2.0,0.11447811447811448,3.0,0.11490683229813664,3.0,0.1347517730496454,2.0,0.1482213438735178,2.0,0.17699115044247787,1.0,0.20418848167539266,2.0,0.2587209505138384,2.0,,
Meryl Davis,Maksim Chmerkoskiy,Athlete,Michigan,United States,27,18,1,0.0916030534351145,3.0,0.10245901639344263,1.0,0.12540192926045016,1.0,0.13131313131313133,1.0,0.11180124223602485,5.0,0.14184397163120568,1.0,0.1541501976284585,1.0,0.1592920353982301,4.0,0.2094240837696335,1.0,0.2616285154151521,1.0,,
Drew Carey,Cheryl Burke,Comedian,Ohio,United States,55,18,8,0.08015267175572519,7.0,0.0860655737704918,7.0,0.09646302250803858,9.0,0.1111111111111111,4.0,0.08695652173913043,9.0,0.11347517730496454,7.0,,,,,,,,,,
Cody Simpson,Witney Carson,Singer/Rapper,,Australia,17,18,9,0.08396946564885496,6.0,0.09016393442622951,6.0,0.11254019292604502,6.0,0.10437710437710437,8.0,0.10559006211180125,8.0,,,,,,,,,,,,
NeNe Leakes,Tony Dovolani,TV Personality,New York,United States,46,18,7,0.08015267175572519,7.0,0.0860655737704918,7.0,0.09967845659163987,8.0,0.10774410774410774,6.0,0.11180124223602485,5.0,0.11702127659574468,6.0,0.13043478260869565,7.0,,,,,,,,
Antonio Sabato Jr.,Cheryl Burke,Actor/Actress,,Italy,42,19,8,0.06720430107526881,10.0,0.0856353591160221,5.0,0.0821529745042493,8.0,0.090625,6.0,0.10606060606060606,6.0,0.09556313993174062,8.0,0.11411992263056092,7.0,,,,,,,,
Jonathan Bennett,Allison Holker,Actor/Actress,Ohio,United States,33,19,9,0.08064516129032258,6.0,0.08287292817679558,7.0,0.0906515580736544,4.0,0.075,10.0,0.09090909090909091,7.0,0.10921501706484642,5.0,,,,,,,,,,
Lea Thompson,Artem Chigvintsev,Actor/Actress,Minnesota,United States,53,19,6,0.08602150537634409,3.0,0.09668508287292818,1.0,0.08781869688385269,7.0,0.121875,2.0,0.12878787878787878,2.0,0.10921501706484642,5.0,0.13539651837524178,2.0,0.12903225806451613,5.0,0.16355140186915887,5.0,,,,
Janel Parrish,Valentin Chmerkovskiy,Actor/Actress,Hawaii,United States,25,19,3,0.07795698924731183,7.0,0.09392265193370165,2.0,0.11331444759206799,1.0,0.1125,4.0,0.125,4.0,0.11262798634812286,4.0,0.12959381044487428,4.0,0.17338709677419356,1.0,0.17990654205607476,1.0,0.2136986301369863,1.0,0.24946620355267282,3.0
Alfonso Ribeiro,Witney Carson,Actor/Actress,New York,United States,42,19,1,0.0967741935483871,1.0,0.08839779005524862,4.0,0.0906515580736544,4.0,0.125,1.0,0.12878787878787878,2.0,0.13310580204778158,1.0,0.13152804642166344,3.0,0.16532258064516128,2.0,0.17990654205607476,1.0,0.2054794520547945,3.0,0.25586408499804897,1.0
Lolo Jones,Keo Motsepe,Athlete,Iowa,United States,32,19,13,0.05913978494623656,12.0,,,,,,,,,,,,,,,,,,,,
Randy Couture,Karina Smirnoff,Athlete,Washington,United States,51,19,11,0.08333333333333333,5.0,0.07734806629834254,8.0,0.07365439093484419,11.0,,,,,,,,,,,,,,,,
Tommy Chong,Peta Murgatroyd,Comedian,,Canada,76,19,5,0.07258064516129033,9.0,0.07734806629834254,8.0,0.09631728045325778,3.0,0.0875,8.0,0.08712121212121213,8.0,0.09556313993174062,8.0,0.11605415860735009,6.0,0.11693548387096774,6.0,0.13317757009345793,6.0,0.16986301369863013,5.0,,
Betsey Johnson,Tony Dovolani,Fashion Designer,Connecticut,United States,72,19,10,0.053763440860215055,13.0,0.07734806629834254,8.0,0.0821529745042493,8.0,0.090625,6.0,,,,,,,,,,,,,,
Michael Waltrip,Emma Slater,Racing Driver,Kentucky,United States,51,19,7,0.06720430107526881,10.0,0.06629834254143646,12.0,0.07932011331444759,10.0,0.078125,9.0,0.07575757575757576,9.0,0.10238907849829351,7.0,0.10831721470019343,8.0,0.10080645161290322,7.0,,,,,,
Tavis Smiley,Sharna Burgess,Radio Personality,Mississippi,United States,50,19,12,0.07795698924731183,7.0,0.07734806629834254,8.0,,,,,,,,,,,,,,,,,,
Bethany Mota,Derek Hough,Social Media Personality,California,United States,18,19,4,0.08602150537634409,3.0,0.09116022099447514,3.0,0.11331444759206799,1.0,0.103125,5.0,0.12121212121212122,5.0,0.12286689419795221,2.0,0.1450676982591876,1.0,0.16129032258064516,3.0,0.17289719626168223,3.0,0.20821917808219179,2.0,0.24307088074814653,4.0
Sadie Robertson,Mark Ballas,TV Personality,Louisiana,United States,17,19,2,0.0913978494623656,2.0,0.0856353591160221,5.0,0.0906515580736544,4.0,0.115625,3.0,0.13636363636363635,1.0,0.11945392491467577,3.0,0.11992263056092843,5.0,0.1532258064516129,4.0,0.1705607476635514,4.0,0.20273972602739726,4.0,0.25159883070113154,2.0
Suzanne Somers,Tony Dovolani,Actor/Actress,California,United States,68,20,9,0.07861635220125786,8.0,0.08069164265129683,6.0,0.07987220447284345,8.0,0.08615384615384615,9.0,0.0989399293286219,5.0,,,,,,,,,,,,
Willow Shields,Mark Ballas,Actor/Actress,New Mexico,United States,14,20,7,0.07861635220125786,8.0,0.09221902017291066,2.0,0.10223642172523961,4.0,0.12,1.0,0.12014134275618374,4.0,0.12897526501766785,2.0,0.15354330708661418,2.0,,,,,,,,
Riker Lynch,Allison Holker,Actor/Actress,Colorado,United States,23,20,2,0.09748427672955975,2.0,0.09221902017291066,2.0,0.10862619808306709,1.0,0.10461538461538461,4.0,0.13427561837455831,2.0,0.13427561837455831,1.0,0.14566929133858267,4.0,0.18439716312056736,2.0,0.25477707006369427,1.0,0.3448275862068966,1.0,,
Rumer Willis,Valentin Chmerkovskiy,Actor/Actress,Kentucky,United States,26,20,1,0.10062893081761007,1.0,0.09221902017291066,2.0,0.10543130990415335,3.0,0.1076923076923077,3.0,0.13780918727915195,1.0,0.1254416961130742,4.0,0.14566929133858267,4.0,0.18912529550827423,1.0,0.2484076433121019,3.0,0.3448275862068966,1.0,,
Nastia Liukin,Derek Hough,Athlete,,Russia,25,20,4,0.09433962264150944,3.0,0.09798270893371758,1.0,0.10862619808306709,1.0,0.11076923076923077,2.0,0.13427561837455831,2.0,0.12897526501766785,2.0,0.16141732283464566,1.0,0.17966903073286053,3.0,0.25477707006369427,1.0,,,,
Michael Sam,Peta Murgatroyd,Athlete,Texas,United States,25,20,10,0.08176100628930817,5.0,0.08069164265129683,6.0,0.07667731629392971,9.0,0.09230769230769231,7.0,,,,,,,,,,,,,,
Robert Herjavec,Kym Johnson,Entrepreneur,,Croatia,52,20,6,0.0880503144654088,4.0,0.08069164265129683,6.0,0.0926517571884984,6.0,0.10461538461538461,4.0,0.08480565371024736,9.0,0.11837455830388692,8.0,0.1220472440944882,6.0,0.14657210401891252,6.0,,,,,,
Charlotte McKinney,Keo Motsepe,Model,Florida,United States,21,20,11,0.06918238993710692,11.0,0.07492795389048991,11.0,0.07028753993610223,10.0,,,,,,,,,,,,,,,,
Noah Galloway,Sharna Burgess,Motivational Speaker,Alabama,United States,33,20,3,0.08176100628930817,5.0,0.07780979827089338,10.0,0.09584664536741214,5.0,0.09846153846153846,6.0,0.0989399293286219,5.0,0.12014134275618374,6.0,0.14960629921259844,3.0,0.14893617021276595,5.0,0.24203821656050956,4.0,0.3103448275862069,3.0,,
Redfoo,Emma Slater,Singer/Rapper,California,United States,39,20,12,0.06918238993710692,11.0,0.0893371757925072,5.0,,,,,,,,,,,,,,,,,,
Patti LaBelle,Artem Chigvintsev,Singer/Rapper,Pennsylvania,United States,70,20,8,0.07861635220125786,8.0,0.08069164265129683,6.0,0.07028753993610223,10.0,0.09230769230769231,7.0,0.09540636042402827,7.0,0.12014134275618374,6.0,,,,,,,,,,
Chris Soules,Witney Carson,TV Personality,Iowa,United States,33,20,5,0.08176100628930817,5.0,0.06051873198847262,12.0,0.08945686900958466,7.0,0.08307692307692308,10.0,0.09540636042402827,7.0,0.12367491166077739,5.0,0.1220472440944882,6.0,0.15130023640661938,4.0,,,,,,
Gary Busey,Anna Trebunskaya,Actor/Actress,Texas,United States,71,21,10,0.06,9.0,0.06099815157116451,12.0,0.08196721311475409,9.0,0.06779661016949153,10.0,,,,,,,,,,,,,,
Alexa PenaVega,Mark Ballas,Actor/Actress,Florida,United States,27,21,6,0.088,5.0,0.08502772643253234,3.0,0.1180327868852459,1.0,0.08898305084745763,8.0,0.132890365448505,1.0,0.09584664536741214,7.0,0.1244343891402715,5.0,0.13917465724120795,5.0,0.182370820668693,1.0,,,,
Carlos PenaVega,Witney Carson,Actor/Actress,Missouri,United States,26,21,4,0.092,3.0,0.08317929759704251,4.0,0.10163934426229508,6.0,0.1059322033898305,5.0,0.12956810631229235,2.0,0.12140575079872204,5.0,0.12669683257918551,2.0,0.14948396747618806,2.0,0.1641337386018237,4.0,0.26582278481012656,1.0,0.25423750359110475,1.0
Victor Espinoza,Karina Smirnoff,Athlete,,Mexico,43,21,12,0.06,9.0,0.06839186691312385,9.0,,,,,,,,,,,,,,,,,,
Alek Skarlatos,Lindsay Arnold,Military,California,United States,22,21,3,0.088,5.0,0.08317929759704251,4.0,0.10819672131147541,3.0,0.1016949152542373,6.0,0.09634551495016612,7.0,0.09584664536741214,7.0,0.11990950226244344,8.0,0.12886637793725134,6.0,0.15501519756838905,5.0,0.24050632911392406,3.0,0.23728748922668577,4.0
Chaka Khan,Keo Motsepe,Singer/Rapper,Illinois,United States,62,21,13,0.052,12.0,0.05545286506469501,13.0,,,,,,,,,,,,,,,,,,
Andy Grammer,Allison Holker,Singer/Rapper,California,United States,31,21,7,0.084,7.0,0.08133086876155268,8.0,0.09508196721311475,8.0,0.09745762711864407,7.0,0.11960132890365449,4.0,0.12779552715654952,1.0,0.12669683257918551,2.0,0.1237106918887378,7.0,,,,,,
Tamar Braxton,Valentin Chmerkovskiy,Singer/Rapper,Maryland,United States,38,21,5,0.092,3.0,0.09057301293900184,1.0,0.10819672131147541,3.0,0.11440677966101695,2.0,0.09634551495016612,7.0,0.12779552715654952,1.0,0.12217194570135746,6.0,0.1443303432897215,3.0,0.14893617021276595,6.0,,,,
Nick Carter,Sharna Burgess,Singer/Rapper,New York,United States,35,21,2,0.096,1.0,0.08317929759704251,4.0,0.1180327868852459,1.0,0.11440677966101695,2.0,0.11627906976744186,5.0,0.12460063897763578,4.0,0.12217194570135746,6.0,0.17010361887717176,1.0,0.16717325227963525,3.0,0.22784810126582278,4.0,0.25423750359110475,1.0
Hayes Grier,Emma Slater,Social Media Personality,North Carolina,United States,15,21,8,0.084,7.0,0.08317929759704251,4.0,0.09836065573770492,7.0,0.11440677966101695,2.0,0.09966777408637874,6.0,0.10223642172523961,6.0,0.12669683257918551,2.0,,,,,,,,
Bindi Irwin,Derek Hough,TV Personality,,Australia,17,21,1,0.096,1.0,0.08872458410351201,2.0,0.10491803278688525,5.0,0.11864406779661017,1.0,0.12292358803986711,3.0,0.12779552715654952,1.0,0.13122171945701358,1.0,0.1443303432897215,3.0,0.182370820668693,1.0,0.26582278481012656,1.0,0.25423750359110475,1.0
Kim Zolciak-Biermann,Tony Dovolani,TV Personality,Florida,United States,37,21,11,0.048,13.0,0.06839186691312385,9.0,,,,,,,,,,,,,,,,,,
Paula Deen,Louis van Amstel,TV Personality,Georgia,United States,68,21,9,0.06,9.0,0.06839186691312385,9.0,0.06557377049180328,10.0,0.07627118644067797,9.0,0.08637873754152824,9.0,0.07667731629392971,9.0,,,,,,,,,,
Mischa Barton,Artem Chigvintsev,Actor/Actress,,England,30,22,11,0.06751054852320675,10.0,0.0635593220338983,11.0,0.0759493670886076,11.0,,,,,,,,,,,,,,,,
Kim Fields,Sasha Farber,Actor/Actress,New York,United States,46,22,8,0.08438818565400844,8.0,0.08050847457627118,9.0,0.09282700421940929,5.0,0.10031347962382445,6.0,0.10144927536231885,7.0,0.10572687224669604,6.0,0.12149532710280374,5.0,,,,,,,,
Jodie Sweetin,Keo Motsepe,Actor/Actress,California,United States,34,22,6,0.08438818565400844,8.0,0.08898305084745763,3.0,0.0970464135021097,3.0,0.08463949843260188,9.0,0.12681159420289856,2.0,0.11013215859030837,4.0,0.1191588785046729,8.0,0.17751479289940827,1.0,,,,,,
Doug Flutie,Karina Smirnoff,Athlete,Maryland,United States,53,22,9,0.06329113924050633,11.0,0.0847457627118644,5.0,0.08438818565400844,8.0,0.07523510971786834,10.0,0.10144927536231885,7.0,0.09251101321585903,9.0,,,,,,,,,,
Von Miller,Witney Carson,Athlete,Texas,United States,27,22,7,0.08860759493670886,4.0,0.0847457627118644,5.0,0.08438818565400844,8.0,0.10031347962382445,6.0,0.10507246376811594,6.0,0.10572687224669604,6.0,0.12149532710280374,5.0,,,,,,,,
Antonio Brown,Sharna Burgess,Athlete,Florida,United States,27,22,5,0.08860759493670886,4.0,0.08050847457627118,9.0,0.08438818565400844,8.0,0.109717868338558,3.0,0.09420289855072464,9.0,0.11894273127753303,3.0,0.12149532710280374,5.0,0.15976331360946747,5.0,0.1916376306620209,5.0,,,,
Paige VanZant,Mark Ballas,Athlete,Oregon,United States,22,22,2,0.08860759493670886,4.0,0.1016949152542373,1.0,0.0970464135021097,3.0,0.11285266457680251,1.0,0.11231884057971014,4.0,0.12334801762114538,2.0,0.12850467289719625,2.0,0.16568047337278108,4.0,0.20557491289198607,2.0,0.340996970101012,1.0,,
Geraldo Rivera,Edyta Sliwinska,Journalist,New York,United States,72,22,12,0.05485232067510549,12.0,0.05508474576271186,12.0,,,,,,,,,,,,,,,,,,
Nyle DiMarco,Peta Murgatroyd,Model,New York,United States,26,22,1,0.0970464135021097,1.0,0.0847457627118644,5.0,0.10548523206751055,1.0,0.10658307210031348,5.0,0.13405797101449277,1.0,0.11013215859030837,4.0,0.1308411214953271,1.0,0.17159763313609466,3.0,0.1986062717770035,3.0,0.3333325670462853,2.0,,
Ginger Zee,Valentin Chmerkovskiy,News Anchor,California,United States,35,22,3,0.0970464135021097,1.0,0.08898305084745763,3.0,0.08860759493670886,6.0,0.11285266457680251,1.0,0.11594202898550725,3.0,0.10572687224669604,6.0,0.12850467289719625,2.0,0.17751479289940827,1.0,0.1951219512195122,4.0,0.32567046285270274,3.0,,
Wanya Morris,Lindsay Arnold,Singer/Rapper,Pennsylvania,United States,42,22,4,0.0970464135021097,1.0,0.1016949152542373,1.0,0.10126582278481013,2.0,0.109717868338558,3.0,0.10869565217391304,5.0,0.1277533039647577,1.0,0.12850467289719625,2.0,0.14792899408284024,6.0,0.20905923344947736,1.0,,,,
Marla Maples,Tony Dovolani,TV Personality,Georgia,United States,52,22,10,0.08860759493670886,4.0,0.0847457627118644,5.0,0.08860759493670886,6.0,0.0877742946708464,8.0,,,,,,,,,,,,,,
Jake T. Austin,Jenna Johnson,Actor/Actress,New York,United States,21,23,13,0.06666666666666667,11.0,0.06818181818181818,10.0,,,,,,,,,,,,,,,,,,
Maureen McCormick,Artem Chigvintsev,Actor/Actress,California,United States,60,23,8,0.06666666666666667,11.0,0.07386363636363637,8.0,0.08615384615384615,5.0,0.09195402298850575,4.0,0.10434782608695652,6.0,0.10163934426229508,6.0,0.11978221415607986,6.0,,,,,,,,
Marilu Henner,Derek Hough,Actor/Actress,Illinois,United States,64,23,6,0.08181818181818182,3.0,0.07670454545454546,7.0,0.08615384615384615,5.0,0.08045977011494253,10.0,0.11739130434782609,2.0,0.11147540983606558,5.0,0.1161524500907441,8.0,0.11442797455519857,7.0,0.15859030837004406,5.0,,,,
Ryan Lochte,Cheryl Burke,Athlete,New York,United States,32,23,7,0.07272727272727272,9.0,0.06818181818181818,10.0,0.07692307692307693,8.0,0.0842911877394636,9.0,0.10434782608695652,6.0,0.09836065573770492,7.0,0.11978221415607986,6.0,0.12935336254065924,5.0,,,,,,
Calvin Johnson Jr.,Lindsay Arnold,Athlete,Georgia,United States,30,23,3,0.07878787878787878,5.0,0.07954545454545454,6.0,0.09846153846153846,1.0,0.08812260536398467,6.0,0.10434782608695652,6.0,0.12131147540983607,3.0,0.13430127041742287,1.0,0.14925387985460684,3.0,0.16299559471365638,4.0,0.19112627986348124,5.0,0.25191616266698036,3.0
Laurie Hernandez,Valentin Chmerkovskiy,Athlete,New Jersey,United States,16,23,1,0.09393939393939393,1.0,0.09090909090909091,1.0,0.09538461538461539,2.0,0.11494252873563218,1.0,0.10869565217391304,5.0,0.12131147540983607,3.0,0.12522686025408347,3.0,0.1641792678400675,2.0,0.1762114537444934,1.0,0.20477815699658702,1.0,0.2584885858282496,1.0
Amber Rose,Maksim Chmerkoskiy,Model,Pennsylvania,United States,32,23,9,0.07272727272727272,9.0,0.06818181818181818,10.0,0.07692307692307693,8.0,0.09195402298850575,4.0,0.10434782608695652,6.0,0.09180327868852459,9.0,,,,,,,,,,
Rick Perry,Emma Slater,Politician,Texas,United States,66,23,12,0.06060606060606061,13.0,0.0625,13.0,0.07076923076923076,11.0,,,,,,,,,,,,,,,,
James Hinchcliffe,Sharna Burgess,Racing Driver,,Canada,29,23,2,0.09393939393939393,1.0,0.08238636363636363,4.0,0.08923076923076922,4.0,0.10727969348659004,2.0,0.12608695652173912,1.0,0.12459016393442623,2.0,0.13430127041742287,1.0,0.1741285314711756,1.0,0.15859030837004406,5.0,0.20136518771331058,3.0,0.25629755904896034,2.0
Babyface,Allison Holker,Singer/Rapper,Indiana,United States,57,23,11,0.07878787878787878,5.0,0.08522727272727272,3.0,0.07692307692307693,8.0,0.06896551724137931,11.0,,,,,,,,,,,,,,
Vanilla Ice,Witney Carson,Singer/Rapper,Texas,United States,48,23,10,0.07575757575757576,7.0,0.07386363636363637,8.0,0.07076923076923076,11.0,0.08812260536398467,6.0,,,,,,,,,,,,,,
Jana Kramer,Gleb Savchenko,Singer/Rapper,Michigan,United States,32,23,4,0.08181818181818182,3.0,0.08238636363636363,4.0,0.08,7.0,0.08812260536398467,6.0,0.11304347826086956,4.0,0.13114754098360656,1.0,0.12522686025408347,3.0,0.14925387985460684,3.0,0.1762114537444934,1.0,0.19795221843003413,4.0,0.2332976924558098,4.0
Terra Jole,Sasha Farber,TV Personality,Texas,United States,36,23,5,0.07575757575757576,7.0,0.08806818181818182,2.0,0.09230769230769231,3.0,0.09578544061302682,3.0,0.11739130434782609,2.0,0.09836065573770492,7.0,0.12522686025408347,3.0,0.11940310388368545,6.0,0.16740088105726872,3.0,0.20477815699658702,1.0,,
Charo,Keo Motsepe,Actor/Actress,,Spain,66,24,11,0.0695364238410596,10.0,0.07621951219512195,9.0,0.0761904761904762,9.0,,,,,,,,,,,,,,,,
Mr. T,Kym Herjavec,Actor/Actress,Illinois,United States,64,24,10,0.06622516556291391,11.0,0.06707317073170732,11.0,0.0761904761904762,9.0,0.08588957055214724,10.0,,,,,,,,,,,,,,
Heather Morris,Maksim Chmerkoskiy,Actor/Actress,California,United States,30,24,8,0.09271523178807947,3.0,0.09146341463414634,3.0,0.10476190476190476,2.0,0.10736196319018405,3.0,0.1118421052631579,4.0,0.137546468401487,1.0,,,,,,,,,,
Nancy Kerrigan,Artem Chigvintsev,Athlete,Massachusetts,United States,47,24,7,0.09271523178807947,3.0,0.08536585365853659,5.0,0.10476190476190476,2.0,0.10122699386503067,4.0,0.11842105263157894,3.0,0.12453531598513011,5.0,0.1422924901185771,4.0,,,,,,,,
Bonner Bolton,Sharna Burgess,Athlete,Texas,United States,29,24,5,0.0728476821192053,9.0,0.08536585365853659,5.0,0.0761904761904762,9.0,0.09815950920245399,5.0,0.09868421052631579,8.0,0.1171003717472119,6.0,0.1225296442687747,7.0,0.166189111747851,5.0,,,,,,
Simone Biles,Sasha Farber,Athlete,Ohio,United States,20,24,4,0.10596026490066225,1.0,0.08841463414634146,4.0,0.10158730158730159,4.0,0.11042944785276074,2.0,0.125,2.0,0.12825278810408922,4.0,0.1541501976284585,2.0,0.20630372492836677,3.0,0.264026402640264,1.0,,,,
David Ross,Lindsay Arnold,Athlete,Georgia,United States,40,24,2,0.09271523178807947,3.0,0.08231707317073171,8.0,0.09841269841269841,5.0,0.0950920245398773,7.0,0.09539473684210527,9.0,0.11524163568773234,7.0,0.12648221343873517,6.0,0.18624641833810887,4.0,0.23102310231023102,4.0,0.3150292500591764,3.0,,
Rashad Jennings,Emma Slater,Athlete,Virginia,United States,32,24,1,0.10264900662251655,2.0,0.0975609756097561,1.0,0.08888888888888889,6.0,0.1196319018404908,1.0,0.10526315789473684,6.0,0.13011152416356878,3.0,0.1541501976284585,2.0,0.2148997134670487,2.0,0.25412541254125415,2.0,0.3439307536171316,1.0,,
Chris Kattan,Witney Carson,Comedian,California,United States,46,24,12,0.056291390728476824,12.0,0.06707317073170732,11.0,,,,,,,,,,,,,,,,,,
Erika Jayne,Gleb Savchenko,Singer/Rapper,Georgia,United States,45,24,9,0.07947019867549669,7.0,0.08536585365853659,5.0,0.08253968253968254,7.0,0.09202453987730061,8.0,0.10526315789473684,6.0,,,,,,,,,,,,
Normani,Valentin Chmerkovskiy,Singer/Rapper,Georgia,United States,20,24,3,0.08940397350993377,6.0,0.0975609756097561,1.0,0.10793650793650794,1.0,0.09815950920245399,5.0,0.12828947368421054,1.0,0.13382899628252787,2.0,0.16600790513833993,1.0,0.22636103151862463,1.0,0.2508250825082508,3.0,0.34103999632369203,2.0,,
Nick Viall,Peta Murgatroyd,TV Personality,Wisconsin,United States,36,24,6,0.07947019867549669,7.0,0.07621951219512195,9.0,0.08253968253968254,7.0,0.09202453987730061,8.0,0.1118421052631579,4.0,0.11338289962825279,8.0,0.13438735177865613,5.0,,,,,,,,
Sasha Pieterse,Gleb Savchenko,Actor/Actress,,South Africa,21,25,10,0.07531380753138076,7.0,0.08226691042047532,4.0,0.0778688524590164,11.0,0.08856088560885608,4.0,0.09195402298850575,8.0,,,,,,,,,,,,
Frankie Muniz,Witney Carson,Actor/Actress,New Jersey,United States,31,25,3,0.0794979079497908,5.0,0.08775137111517367,1.0,0.0860655737704918,6.0,0.08856088560885608,4.0,0.1111111111111111,2.0,0.10130718954248366,6.0,0.13953488372093023,1.0,0.16932907348242812,3.0,0.18888888888888888,4.0,0.24866694332774683,3.0,,
Jordan Fisher,Lindsay Arnold,Actor/Actress,Alabama,United States,23,25,1,0.09205020920502092,1.0,0.08775137111517367,1.0,0.10245901639344263,2.0,0.1070110701107011,1.0,0.11494252873563218,1.0,0.12745098039215685,2.0,0.12558139534883722,4.0,0.19169329073482427,1.0,0.21481481481481482,1.0,0.2557729554628947,1.0,,
Derek Fisher,Sharna Burgess,Athlete,Arkansas,United States,43,25,11,0.07531380753138076,7.0,0.06946983546617916,11.0,0.0860655737704918,6.0,0.08487084870848709,10.0,,,,,,,,,,,,,,
Nikki Bella,Artem Chigvintsev,Athlete,California,United States,33,25,8,0.08368200836820083,4.0,0.0712979890310786,9.0,0.0860655737704918,6.0,0.08856088560885608,4.0,0.10344827586206896,4.0,0.11764705882352941,4.0,0.11162790697674418,8.0,,,,,,,,
Terrell Owens,Cheryl Burke,Athlete,Alabama,United States,43,25,6,0.06276150627615062,12.0,0.0712979890310786,9.0,0.0860655737704918,6.0,0.08856088560885608,4.0,0.09578544061302682,6.0,0.12091503267973856,3.0,0.11395348837209303,7.0,0.16293929712460065,4.0,,,,,,
Victoria Arlen,Valentin Chmerkovskiy,Athlete,New Hamshire,United States,22,25,5,0.0794979079497908,5.0,0.08043875685557587,6.0,0.09016393442622951,5.0,0.0996309963099631,2.0,0.10344827586206896,4.0,0.10130718954248366,6.0,0.1325581395348837,2.0,0.15335463258785942,5.0,0.2074074074074074,3.0,,,,
Barbara Corcoran,Keo Motsepe,Entrepreneur,New Jersey,United States,68,25,13,0.058577405857740586,13.0,0.062157221206581355,13.0,,,,,,,,,,,,,,,,,,
Lindsey Stirling,Mark Ballas,Musician,California,United States,31,25,2,0.09205020920502092,1.0,0.08226691042047532,4.0,0.11065573770491803,1.0,0.0959409594095941,3.0,0.10727969348659004,3.0,0.13071895424836602,1.0,0.1186046511627907,6.0,0.17252396166134185,2.0,0.2111111111111111,2.0,0.2557729554628947,1.0,,
Debbie Gibson,Alan Bersten,Singer/Rapper,New York,United States,47,25,12,0.07112970711297072,10.0,0.07495429616087751,7.0,,,,,,,,,,,,,,,,,,
Nick Lachey,Peta Murgatroyd,Singer/Rapper,Kentucky,United States,43,25,9,0.07531380753138076,7.0,0.06946983546617916,11.0,0.0860655737704918,6.0,0.08118081180811808,11.0,0.0842911877394636,10.0,0.08496732026143791,9.0,,,,,,,,,,
Drew Scott,Emma Slater,TV Personality,,Canada,39,25,4,0.06694560669456066,11.0,0.07495429616087751,7.0,0.0942622950819672,3.0,0.08856088560885608,4.0,0.09578544061302682,6.0,0.09803921568627451,8.0,0.1325581395348837,2.0,0.1501597444089457,6.0,0.17777777777777778,5.0,0.2397871457464638,4.0,,
Vanessa Lachey,Maksim Chmerkoskiy,TV Personality,,Philippines,36,25,7,0.08786610878661087,3.0,0.08592321755027423,3.0,0.0942622950819672,3.0,0.08856088560885608,4.0,0.09195402298850575,8.0,0.11764705882352941,4.0,0.12558139534883722,4.0,,,,,,,,
Jamie Anderson,Artem Chigvintsev,Athlete,California,United States,27,26,10,0.09047619047619047,8.0,,,,,,,,,,,,,,,,,,,,
Johnny Damon,Emma Slater,Athlete,Kansas,United States,44,26,9,0.08571428571428572,9.0,,,,,,,,,,,,,,,,,,,,
Kareem Abdul-Jabbar,Lindsay Arnold,Athlete,New York,United States,71,26,8,0.08095238095238096,10.0,0.1102803738317757,8.0,,,,,,,,,,,,,,,,,,
Arike Ogunbowale,Gleb Savchenko,Athlete,Wisconsin,United States,21,26,7,0.09523809523809523,7.0,0.1308411214953271,3.0,,,,,,,,,,,,,,,,,,
Jennie Finch Daigle,Keo Motsepe,Athlete,California,United States,37,26,6,0.1,5.0,0.11775700934579439,6.0,0.13744075829383887,6.0,,,,,,,,,,,,,,,,
Chris Mazdzer,Witney Carson,Athlete,Massachusetts,United States,29,26,5,0.1,5.0,0.1233644859813084,4.0,0.15639810426540285,5.0,,,,,,,,,,,,,,,,
Mirai Nagasu,Alan Bersten,Athlete,California,United States,25,26,4,0.10952380952380952,3.0,0.1383177570093458,1.0,0.16587677725118483,3.0,,,,,,,,,,,,,,,,
Tonya Harding,Sasha Farber,Athlete,Oregon,United States,47,26,3,0.10952380952380952,3.0,0.1233644859813084,4.0,0.16587677725118483,3.0,0.32748538011695905,3.0,,,,,,,,,,,,,,
Josh Norman,Sharna Burgess,Athlete,South Carolina,United States,30,26,2,0.11428571428571428,1.0,0.11775700934579439,6.0,0.18009478672985782,2.0,0.3333333333333333,2.0,,,,,,,,,,,,,,
Adam Rippon,Jenna Johnson,Athlete,Pennsylvania,United States,28,26,1,0.11428571428571428,1.0,0.1383177570093458,1.0,0.1943127962085308,1.0,0.3391812865497076,1.0,,,,,,,,,,,,,,
Juan Pablo Di Pace,Cheryl Burke,Actor/Actress,,Argentina,39,27,5,0.08627450980392157,3.0,0.09611829944547134,1.0,0.11070110701107011,1.0,0.10344827586206896,5.0,0.13063063063063063,1.0,0.13100436681222707,1.0,0.12873563218390804,3.0,0.18633540372670807,1.0,,,,,,
Evanna Lynch,Keo Motsepe,Actor/Actress,,Ireland,27,27,3,0.07058823529411765,9.0,0.08872458410351201,5.0,0.0996309963099631,2.0,0.10344827586206896,5.0,0.10810810810810811,6.0,0.12663755458515283,3.0,0.135632183908046,1.0,0.18012422360248448,2.0,0.2597402597402597,1.0,,,,
Nancy McKeon,Valentin Chmerkovskiy,Actor/Actress,New York,United States,52,27,11,0.07647058823529412,8.0,0.07578558225508318,9.0,0.08118081180811808,9.0,,,,,,,,,,,,,,,,
John Schneider,Emma Slater,Actor/Actress,New York,United States,58,27,8,0.07058823529411765,9.0,0.07948243992606285,8.0,0.07749077490774908,10.0,0.09051724137931035,8.0,0.10810810810810811,6.0,0.08296943231441048,9.0,0.12413793103448276,5.0,,,,,,,,
Milo Manheim,Witney Carson,Actor/Actress,California,United States,17,27,2,0.0784313725490196,5.0,0.09611829944547134,1.0,0.0996309963099631,2.0,0.125,1.0,0.12162162162162163,3.0,0.13100436681222707,1.0,0.13333333333333333,2.0,0.17080745341614906,4.0,0.2597402597402597,1.0,,,,
Danelle Umstead,Artem Chigvintsev,Athlete,New Mexico,United States,46,27,12,0.07058823529411765,9.0,0.06839186691312385,11.0,,,,,,,,,,,,,,,,,,
Mary Lou Retton,Sasha Farber,Athlete,West Virginia,United States,50,27,9,0.0784313725490196,5.0,0.08502772643253234,7.0,0.08856088560885608,7.0,0.11206896551724138,2.0,0.11261261261261261,5.0,0.10480349344978165,6.0,,,,,,,,,,
DeMarcus Ware,Lindsay Arnold,Athlete,Alabama,United States,36,27,7,0.09019607843137255,1.0,0.08687615526802218,6.0,0.0959409594095941,5.0,0.09482758620689655,7.0,0.11711711711711711,4.0,0.11353711790393013,5.0,0.12183908045977011,6.0,,,,,,,,
Nikki Glaser,Gleb Savchenko,Comedian,Ohio,United States,34,27,13,0.06862745098039216,12.0,,,,,,,,,,,,,,,,,,,,
Bobby Bones,Sharna Burgess,Radio Personality,Arkansas,United States,38,27,1,0.0784313725490196,5.0,0.07208872458410351,10.0,0.08487084870848709,8.0,0.08620689655172414,9.0,0.0945945945945946,8.0,0.09606986899563319,7.0,0.12183908045977011,6.0,0.13975155279503104,6.0,0.23376623376623376,4.0,,,,
Tinashe,Brandon Armstrong,Singer/Rapper,Kentucky,United States,25,27,10,0.09019607843137255,1.0,0.09611829944547134,1.0,0.0996309963099631,2.0,0.11206896551724138,2.0,,,,,,,,,,,,,,
Alexis Ren,Alan Bersten,Social Media Personality,California,United States,21,27,4,0.08627450980392157,3.0,0.09057301293900184,4.0,0.0959409594095941,5.0,0.10775862068965517,4.0,0.13063063063063063,1.0,0.11790393013100436,4.0,0.12643678160919541,4.0,0.18012422360248448,2.0,0.24675324675324675,3.0,,,,
Joe Amabile,Jenna Johnson,TV Personality,Illinois,United States,32,27,6,0.054901960784313725,13.0,0.06469500924214418,12.0,0.06642066420664207,11.0,0.06465517241379311,10.0,0.07657657657657657,9.0,0.09606986899563319,7.0,0.10804597701149425,8.0,0.14285714285714285,5.0,,,,,,
